<?xml version="1.0"?>
<!DOCTYPE hibernate-mapping PUBLIC
	"-//Hibernate/Hibernate Mapping DTD 3.0//EN"
	"http://hibernate.sourceforge.net/hibernate-mapping-3.0.dtd">

<hibernate-mapping package="toolbox.cerberus.image.data">
    <class name="BlackImageUrl" table="BlackImageUrl">
        <id name="id" type="long">
            <column name="id" />
            <generator class="native"></generator>
        </id>

		<property name="url" type="string">
            <column name="Url" />
        </property>

    </class>
</hibernate-mapping>